{"qtemplates": {"10": {"qtemplate": {"status": 0, "marker": 1, "version": 5, "scoremax": null, "description": "No Description", "title": "Simple Variables", "owner": 1, "id": 10, "embed_id": ""}, "attachments": [["datfile.txt", "text/plain", 37], ["image.gif", "", 0], ["qtemplate.html", "text/plain", 43]]}, "11": {"qtemplate": {"status": 0, "marker": 1, "version": 12, "scoremax": null, "description": "No Description", "title": "Dynamic Image", "owner": 1, "id": 11, "embed_id": ""}, "attachments": [["datfile.txt", "text/plain", 101], ["image.gif", "image/gif", 5858], ["qtemplate.html", "text/plain", 60]]}}, "oasis": {"url": "http://localhost:8080/oasis", "oa_version": "3.9.4", "qt_version": "0.9"}, "extra": {"topic": {"archived": false, "title": "Imports", "visibility": 3, "course": 1, "position": 1, "id": 14}}}